Date,Route,Ridership
01/2018,21,35336
01/2018,22,182240
01/2018,26,116191
01/2018,28,84932
01/2018,29,103218
01/2018,30,114544
01/2018,31,90066
01/2018,33,19982
01/2018,34,24165
01/2018,36,54473
01/2018,37,56490
01/2018,38,2510
01/2018,51,34956
01/2018,52,7023
01/2018,53,86747
01/2018,54,156043
01/2018,56,104419
01/2018,57,9201
01/2018,59,26736
01/2018,62,54354
01/2018,63,
01/2018,65,36374
01/2018,67,18438
01/2018,69,34992
01/2018,70,46149
01/2018,71,33908
01/2018,73,32587
01/2018,75,31012
01/2018,76,60943
01/2018,77,40040
01/2018,78,59427
01/2018,79,38446
01/2018,80,170630
01/2018,81,41964
01/2018,82,36962
01/2018,83,80227
01/2018,85,126954
01/2018,87,40731
01/2018,89,37550
01/2018,91,18012
01/2018,92,6968
01/2018,93,26678
01/2018,94,37745
01/2018,95,12034
01/2018,103,8369
01/2018,104,389
01/2018,105,3622
01/2018,115,5102
01/2018,120,9672
01/2018,150,4576
01/2018,154,8595
01/2018,CityLink Blue,203253
01/2018,CityLink Brown,162230
01/2018,CityLink Gold,219435
01/2018,CityLink Green,178632
01/2018,CityLink Lime,135959
01/2018,CityLink Navy,176410
01/2018,CityLink Orange,226004
01/2018,CityLink Pink,143950
01/2018,CityLink Purple,149404
01/2018,CityLink Red,257369
01/2018,CityLink Silver,146695
01/2018,CityLink Yellow,152205
02/2018,21,37465
02/2018,22,204344
02/2018,26,116526
02/2018,28,95837
02/2018,29,109444
02/2018,30,119103
02/2018,31,80719
02/2018,33,21350
02/2018,34,19134
02/2018,36,57579
02/2018,37,57543
02/2018,38,3100
02/2018,51,35265
02/2018,52,6590
02/2018,53,100765
02/2018,54,160120
02/2018,56,110309
02/2018,57,9408
02/2018,59,28482
02/2018,62,54948
02/2018,63,14076
02/2018,65,33951
02/2018,67,22059
02/2018,69,33310
02/2018,70,43544
02/2018,71,36512
02/2018,73,34767
02/2018,75,30845
02/2018,76,63373
02/2018,77,42348
02/2018,78,86722
02/2018,79,37081
02/2018,80,190852
02/2018,81,36308
02/2018,82,39182
02/2018,83,98253
02/2018,85,135462
02/2018,87,38104
02/2018,89,40947
02/2018,91,15577
02/2018,92,7311
02/2018,93,27118
02/2018,94,39381
02/2018,95,12946
02/2018,103,9338
02/2018,104,393
02/2018,105,5228
02/2018,115,5766
02/2018,120,10131
02/2018,150,3976
02/2018,154,8143
02/2018,CityLink Blue,218359
02/2018,CityLink Brown,157580
02/2018,CityLink Gold,236700
02/2018,CityLink Green,169888
02/2018,CityLink Lime,162152
02/2018,CityLink Navy,191222
02/2018,CityLink Orange,237188
02/2018,CityLink Pink,154821
02/2018,CityLink Purple,155931
02/2018,CityLink Red,286957
02/2018,CityLink Silver,147602
02/2018,CityLink Yellow,160086
03/2018,21,39189
03/2018,22,200403
03/2018,26,123242
03/2018,28,91104
03/2018,29,109227
03/2018,30,124168
03/2018,31,84250
03/2018,33,22219
03/2018,34,21193
03/2018,36,58998
03/2018,37,64647
03/2018,38,2500
03/2018,51,38149
03/2018,52,7122
03/2018,53,93906
03/2018,54,183251
03/2018,56,115974
03/2018,57,9150
03/2018,59,30407
03/2018,62,60374
03/2018,63,19491
03/2018,65,37024
03/2018,67,25299
03/2018,69,37697
03/2018,70,47314
03/2018,71,38969
03/2018,73,36105
03/2018,75,32039
03/2018,76,68426
03/2018,77,43512
03/2018,78,100476
03/2018,79,41152
03/2018,80,186020
03/2018,81,36822
03/2018,82,39585
03/2018,83,99542
03/2018,85,137740
03/2018,87,36329
03/2018,89,44445
03/2018,91,20802
03/2018,92,7992
03/2018,93,31167
03/2018,94,38788
03/2018,95,13917
03/2018,103,8372
03/2018,104,350
03/2018,105,4404
03/2018,115,5411
03/2018,120,10299
03/2018,150,4686
03/2018,154,9017
03/2018,CityLink Blue,233224
03/2018,CityLink Brown,178779
03/2018,CityLink Gold,262156
03/2018,CityLink Green,166794
03/2018,CityLink Lime,165048
03/2018,CityLink Navy,198115
03/2018,CityLink Orange,250389
03/2018,CityLink Pink,167018
03/2018,CityLink Purple,170469
03/2018,CityLink Red,307635
03/2018,CityLink Silver,154393
03/2018,CityLink Yellow,173998
04/2018,21,43240
04/2018,22,226392
04/2018,26,132037
04/2018,28,100214
04/2018,29,119490
04/2018,30,136197
04/2018,31,93156
04/2018,33,25503
04/2018,34,22352
04/2018,36,62455
04/2018,37,66947
04/2018,38,2662
04/2018,51,39656
04/2018,52,7876
04/2018,53,106837
04/2018,54,195301
04/2018,56,114696
04/2018,57,9972
04/2018,59,32505
04/2018,62,63232
04/2018,63,21426
04/2018,65,38454
04/2018,67,26891
04/2018,69,38939
04/2018,70,49599
04/2018,71,40224
04/2018,73,37458
04/2018,75,33131
04/2018,76,72250
04/2018,77,44324
04/2018,78,110522
04/2018,79,42173
04/2018,80,191801
04/2018,81,45246
04/2018,82,37323
04/2018,83,90812
04/2018,85,140690
04/2018,87,45253
04/2018,89,45728
04/2018,91,22153
04/2018,92,6093
04/2018,93,32048
04/2018,94,41824
04/2018,95,14691
04/2018,103,8970
04/2018,104,451
04/2018,105,4533
04/2018,115,6031
04/2018,120,9818
04/2018,150,4765
04/2018,154,10388
04/2018,CityLink Blue,242154
04/2018,CityLink Brown,191417
04/2018,CityLink Gold,273177
04/2018,CityLink Green,185791
04/2018,CityLink Lime,165259
04/2018,CityLink Navy,204459
04/2018,CityLink Orange,267722
04/2018,CityLink Pink,180923
04/2018,CityLink Purple,177171
04/2018,CityLink Red,312534
04/2018,CityLink Silver,159898
04/2018,CityLink Yellow,171397
05/2018,21,46270
05/2018,22,238774
05/2018,26,141105
05/2018,28,103338
05/2018,29,123221
05/2018,30,153385
05/2018,31,102509
05/2018,33,28493
05/2018,34,24832
05/2018,36,65884
05/2018,37,74584
05/2018,38,2746
05/2018,51,41754
05/2018,52,7950
05/2018,53,113264
05/2018,54,216819
05/2018,56,128721
05/2018,57,11829
05/2018,59,36584
05/2018,62,69964
05/2018,63,24832
05/2018,65,41566
05/2018,67,27223
05/2018,69,41560
05/2018,70,53221
05/2018,71,45387
05/2018,73,39976
05/2018,75,35768
05/2018,76,77014
05/2018,77,48984
05/2018,78,121014
05/2018,79,46851
05/2018,80,206393
05/2018,81,50442
05/2018,82,42581
05/2018,83,97173
05/2018,85,152849
05/2018,87,48335
05/2018,89,49880
05/2018,91,24714
05/2018,92,8344
05/2018,93,36784
05/2018,94,43749
05/2018,95,16457
05/2018,103,9570
05/2018,104,498
05/2018,105,4987
05/2018,115,6177
05/2018,120,10702
05/2018,150,5114
05/2018,154,10656
05/2018,CityLink Blue,261809
05/2018,CityLink Brown,205363
05/2018,CityLink Gold,289993
05/2018,CityLink Green,191683
05/2018,CityLink Lime,181747
05/2018,CityLink Navy,217846
05/2018,CityLink Orange,278457
05/2018,CityLink Pink,195075
05/2018,CityLink Purple,192842
05/2018,CityLink Red,338035
05/2018,CityLink Silver,177586
05/2018,CityLink Yellow,187167
06/2018,21,45460
06/2018,22,205156
06/2018,26,133239
06/2018,28,89824
06/2018,29,109146
06/2018,30,137701
06/2018,31,97964
06/2018,33,24800
06/2018,34,23853
06/2018,36,64201
06/2018,37,71671
06/2018,38,1302
06/2018,51,40605
06/2018,52,8030
06/2018,53,105337
06/2018,54,198261
06/2018,56,124435
06/2018,57,9733
06/2018,59,33788
06/2018,62,69357
06/2018,63,24954
06/2018,65,38395
06/2018,67,26877
06/2018,69,42356
06/2018,70,52043
06/2018,71,41894
06/2018,73,40497
06/2018,75,36014
06/2018,76,72915
06/2018,77,48566
06/2018,78,120992
06/2018,79,46276
06/2018,80,196780
06/2018,81,49412
06/2018,82,40391
06/2018,83,96788
06/2018,85,139958
06/2018,87,46118
06/2018,89,46063
06/2018,91,20437
06/2018,92,6260
06/2018,93,36744
06/2018,94,42246
06/2018,95,14053
06/2018,103,8373
06/2018,104,565
06/2018,105,4460
06/2018,115,5913
06/2018,120,10191
06/2018,150,5091
06/2018,154,10169
06/2018,CityLink Blue,252654
06/2018,CityLink Brown,206333
06/2018,CityLink Gold,273728
06/2018,CityLink Green,186876
06/2018,CityLink Lime,161491
06/2018,CityLink Navy,206484
06/2018,CityLink Orange,263610
06/2018,CityLink Pink,178311
06/2018,CityLink Purple,179213
06/2018,CityLink Red,316934
06/2018,CityLink Silver,156669
06/2018,CityLink Yellow,185173
07/2018,21,42702
07/2018,22,191501
07/2018,26,121825
07/2018,28,79317
07/2018,29,106408
07/2018,30,124862
07/2018,31,92058
07/2018,33,18727
07/2018,34,22975
07/2018,36,58357
07/2018,37,65939
07/2018,38,
07/2018,51,36860
07/2018,52,7399
07/2018,53,86731
07/2018,54,183021
07/2018,56,128448
07/2018,57,8750
07/2018,59,28227
07/2018,62,61598
07/2018,63,30362
07/2018,65,39004
07/2018,67,24545
07/2018,69,41313
07/2018,70,50689
07/2018,71,39604
07/2018,73,38725
07/2018,75,34679
07/2018,76,69589
07/2018,77,42706
07/2018,78,111604
07/2018,79,43288
07/2018,80,192108
07/2018,81,48287
07/2018,82,37752
07/2018,83,87370
07/2018,85,127580
07/2018,87,44622
07/2018,89,47017
07/2018,91,22072
07/2018,92,1783
07/2018,93,33968
07/2018,94,36361
07/2018,95,11411
07/2018,103,8166
07/2018,104,674
07/2018,105,4906
07/2018,115,5969
07/2018,120,10456
07/2018,150,4894
07/2018,154,10439
07/2018,CityLink Blue,238746
07/2018,CityLink Brown,196389
07/2018,CityLink Gold,266421
07/2018,CityLink Green,166770
07/2018,CityLink Lime,162103
07/2018,CityLink Navy,194827
07/2018,CityLink Orange,251870
07/2018,CityLink Pink,169880
07/2018,CityLink Purple,164308
07/2018,CityLink Red,305905
07/2018,CityLink Silver,157506
07/2018,CityLink Yellow,177802
08/2018,21,47567
08/2018,22,196799
08/2018,26,119663
08/2018,28,83897
08/2018,29,117004
08/2018,30,131832
08/2018,31,98888
08/2018,33,18847
08/2018,34,22932
08/2018,36,63995
08/2018,37,71851
08/2018,38,
08/2018,51,41418
08/2018,52,7192
08/2018,53,91641
08/2018,54,190700
08/2018,56,132711
08/2018,57,7935
08/2018,59,31419
08/2018,62,72158
08/2018,63,28690
08/2018,65,38890
08/2018,67,28774
08/2018,69,45256
08/2018,70,56957
08/2018,71,38408
08/2018,73,40601
08/2018,75,40045
08/2018,76,75840
08/2018,77,43392
08/2018,78,114099
08/2018,79,42179
08/2018,80,194467
08/2018,81,50980
08/2018,82,35612
08/2018,83,92035
08/2018,85,136515
08/2018,87,49361
08/2018,89,52113
08/2018,91,24177
08/2018,92,1428
08/2018,93,37618
08/2018,94,37831
08/2018,95,12059
08/2018,103,9190
08/2018,104,583
08/2018,105,4039
08/2018,115,6287
08/2018,120,11455
08/2018,150,5263
08/2018,154,10593
08/2018,CityLink Blue,254941
08/2018,CityLink Brown,201180
08/2018,CityLink Gold,272969
08/2018,CityLink Green,178366
08/2018,CityLink Lime,166329
08/2018,CityLink Navy,213687
08/2018,CityLink Orange,261028
08/2018,CityLink Pink,181302
08/2018,CityLink Purple,176764
08/2018,CityLink Red,321440
08/2018,CityLink Silver,161260
08/2018,CityLink Yellow,186510
09/2018,21,48627
09/2018,22,221288
09/2018,26,130907
09/2018,28,94158
09/2018,29,114287
09/2018,30,142816
09/2018,31,95649
09/2018,33,26626
09/2018,34,23530
09/2018,36,64397
09/2018,37,72754
09/2018,38,2090
09/2018,51,40764
09/2018,52,8281
09/2018,53,105981
09/2018,54,197217
09/2018,56,119483
09/2018,57,11037
09/2018,59,33353
09/2018,62,65122
09/2018,63,31674
09/2018,65,38151
09/2018,67,27223
09/2018,69,38728
09/2018,70,50502
09/2018,71,44251
09/2018,73,37827
09/2018,75,37178
09/2018,76,77455
09/2018,77,46584
09/2018,78,115904
09/2018,79,43747
09/2018,80,197159
09/2018,81,49003
09/2018,82,40557
09/2018,83,86972
09/2018,85,133256
09/2018,87,45131
09/2018,89,48143
09/2018,91,24193
09/2018,92,4265
09/2018,93,37134
09/2018,94,45324
09/2018,95,13638
09/2018,103,8013
09/2018,104,
09/2018,105,4651
09/2018,115,5045
09/2018,120,10523
09/2018,150,4353
09/2018,154,10668
09/2018,CityLink Blue,238721
09/2018,CityLink Brown,199954
09/2018,CityLink Gold,249842
09/2018,CityLink Green,190321
09/2018,CityLink Lime,166155
09/2018,CityLink Navy,201898
09/2018,CityLink Orange,264315
09/2018,CityLink Pink,195283
09/2018,CityLink Purple,170378
09/2018,CityLink Red,313077
09/2018,CityLink Silver,167001
09/2018,CityLink Yellow,180338
10/2018,21,53468
10/2018,22,255823
10/2018,26,145951
10/2018,28,106728
10/2018,29,126560
10/2018,30,158553
10/2018,31,108706
10/2018,33,28963
10/2018,34,25871
10/2018,36,74046
10/2018,37,82595
10/2018,38,3107
10/2018,51,48100
10/2018,52,8500
10/2018,53,119840
10/2018,54,213872
10/2018,56,129279
10/2018,57,12866
10/2018,59,38067
10/2018,62,75335
10/2018,63,39370
10/2018,65,44841
10/2018,67,29067
10/2018,69,43761
10/2018,70,57995
10/2018,71,48529
10/2018,73,40253
10/2018,75,40083
10/2018,76,88156
10/2018,77,52424
10/2018,78,124102
10/2018,79,46811
10/2018,80,218446
10/2018,81,55800
10/2018,82,45388
10/2018,83,99716
10/2018,85,143960
10/2018,87,49395
10/2018,89,52703
10/2018,91,24945
10/2018,92,7424
10/2018,93,39910
10/2018,94,50883
10/2018,95,17114
10/2018,103,9413
10/2018,104,663
10/2018,105,4566
10/2018,115,5991
10/2018,120,11122
10/2018,150,5571
10/2018,154,12608
10/2018,CityLink Blue,272223
10/2018,CityLink Brown,201364
10/2018,CityLink Gold,280058
10/2018,CityLink Green,208390
10/2018,CityLink Lime,183656
10/2018,CityLink Navy,223079
10/2018,CityLink Orange,289388
10/2018,CityLink Pink,200419
10/2018,CityLink Purple,193906
10/2018,CityLink Red,338368
10/2018,CityLink Silver,196503
10/2018,CityLink Yellow,201969
11/2018,21,44145
11/2018,22,197631
11/2018,26,121407
11/2018,28,94199
11/2018,29,104538
11/2018,30,127979
11/2018,31,88406
11/2018,33,22036
11/2018,34,20943
11/2018,36,59258
11/2018,37,69811
11/2018,38,672
11/2018,51,41412
11/2018,52,7238
11/2018,53,111887
11/2018,54,186916
11/2018,56,117048
11/2018,57,10060
11/2018,59,36399
11/2018,62,67525
11/2018,63,45605
11/2018,65,32217
11/2018,67,30755
11/2018,69,38149
11/2018,70,48997
11/2018,71,43408
11/2018,73,35827
11/2018,75,35428
11/2018,76,76017
11/2018,77,42827
11/2018,78,110512
11/2018,79,41232
11/2018,80,182930
11/2018,81,48370
11/2018,82,41011
11/2018,83,85945
11/2018,85,129895
11/2018,87,42868
11/2018,89,47606
11/2018,91,20771
11/2018,92,7121
11/2018,93,33535
11/2018,94,43634
11/2018,95,15999
11/2018,103,7966
11/2018,104,488
11/2018,105,4116
11/2018,115,5713
11/2018,120,9914
11/2018,150,4547
11/2018,154,10285
11/2018,CityLink Blue,231948
11/2018,CityLink Brown,177707
11/2018,CityLink Gold,216625
11/2018,CityLink Green,188551
11/2018,CityLink Lime,155932
11/2018,CityLink Navy,195003
11/2018,CityLink Orange,240947
11/2018,CityLink Pink,180115
11/2018,CityLink Purple,155230
11/2018,CityLink Red,302000
11/2018,CityLink Silver,161541
11/2018,CityLink Yellow,181987
12/2018,21,47990
12/2018,22,174038
12/2018,26,112754
12/2018,28,75467
12/2018,29,95707
12/2018,30,118599
12/2018,31,83611
12/2018,33,20069
12/2018,34,20247
12/2018,36,54215
12/2018,37,58593
12/2018,38,2160
12/2018,51,34710
12/2018,52,7095
12/2018,53,93364
12/2018,54,159823
12/2018,56,110207
12/2018,57,8838
12/2018,59,30877
12/2018,62,60491
12/2018,63,32220
12/2018,65,25337
12/2018,67,26938
12/2018,69,36953
12/2018,70,44975
12/2018,71,37955
12/2018,73,35427
12/2018,75,35361
12/2018,76,64717
12/2018,77,44587
12/2018,78,105171
12/2018,79,38365
12/2018,80,172897
12/2018,81,40566
12/2018,82,34990
12/2018,83,83323
12/2018,85,115996
12/2018,87,36937
12/2018,89,44339
12/2018,91,15914
12/2018,92,5484
12/2018,93,28000
12/2018,94,41481
12/2018,95,10989
12/2018,103,7304
12/2018,104,325
12/2018,105,3269
12/2018,115,4752
12/2018,120,9236
12/2018,150,3137
12/2018,154,7663
12/2018,CityLink Blue,210003
12/2018,CityLink Brown,176864
12/2018,CityLink Gold,212782
12/2018,CityLink Green,165420
12/2018,CityLink Lime,142328
12/2018,CityLink Navy,182145
12/2018,CityLink Orange,237919
12/2018,CityLink Pink,152186
12/2018,CityLink Purple,156882
12/2018,CityLink Red,271614
12/2018,CityLink Silver,150756
12/2018,CityLink Yellow,170998
01/2019,21,45485
01/2019,22,208805
01/2019,26,118540
01/2019,28,87643
01/2019,29,100912
01/2019,30,132015
01/2019,31,85028
01/2019,33,20344
01/2019,34,20826
01/2019,36,55232
01/2019,37,56657
01/2019,38,2785
01/2019,51,38716
01/2019,52,5010
01/2019,53,105226
01/2019,54,183842
01/2019,56,112595
01/2019,57,9434
01/2019,59,28648
01/2019,62,56770
01/2019,63,32824
01/2019,65,27675
01/2019,67,24064
01/2019,69,37191
01/2019,70,45066
01/2019,71,41939
01/2019,73,33775
01/2019,75,33401
01/2019,76,63440
01/2019,77,43234
01/2019,78,105500
01/2019,79,35633
01/2019,80,183473
01/2019,81,40013
01/2019,82,36768
01/2019,83,77691
01/2019,85,117400
01/2019,87,38245
01/2019,89,43196
01/2019,91,18803
01/2019,92,7478
01/2019,93,30203
01/2019,94,40756
01/2019,95,14588
01/2019,103,8087
01/2019,104,472
01/2019,105,4066
01/2019,115,5474
01/2019,120,10700
01/2019,150,4203
01/2019,154,9016
01/2019,CityLink Blue,229274
01/2019,CityLink Brown,194565
01/2019,CityLink Gold,219752
01/2019,CityLink Green,168586
01/2019,CityLink Lime,146916
01/2019,CityLink Navy,194453
01/2019,CityLink Orange,231999
01/2019,CityLink Pink,177682
01/2019,CityLink Purple,155872
01/2019,CityLink Red,293054
01/2019,CityLink Silver,166372
01/2019,CityLink Yellow,172555
02/2019,21,41327
02/2019,22,176830
02/2019,26,112678
02/2019,28,83452
02/2019,29,87022
02/2019,30,104688
02/2019,31,80787
02/2019,33,29700
02/2019,34,19133
02/2019,36,42145
02/2019,37,57963
02/2019,38,1920
02/2019,51,34988
02/2019,52,6577
02/2019,53,95740
02/2019,54,156574
02/2019,56,105809
02/2019,57,8603
02/2019,59,29746
02/2019,62,52458
02/2019,63,32364
02/2019,65,26058
02/2019,67,20505
02/2019,69,33280
02/2019,70,44684
02/2019,71,40850
02/2019,73,31693
02/2019,75,32558
02/2019,76,63489
02/2019,77,42006
02/2019,78,102891
02/2019,79,34050
02/2019,80,164201
02/2019,81,36116
02/2019,82,24917
02/2019,83,74760
02/2019,85,116107
02/2019,87,36932
02/2019,89,40113
02/2019,91,15043
02/2019,92,6321
02/2019,93,26468
02/2019,94,35084
02/2019,95,9835
02/2019,103,7198
02/2019,104,460
02/2019,105,3784
02/2019,115,4748
02/2019,120,9894
02/2019,150,3767
02/2019,154,9096
02/2019,CityLink Blue,194090
02/2019,CityLink Brown,139905
02/2019,CityLink Gold,194217
02/2019,CityLink Green,125328
02/2019,CityLink Lime,135426
02/2019,CityLink Navy,179731
02/2019,CityLink Orange,202917
02/2019,CityLink Pink,137851
02/2019,CityLink Purple,140912
02/2019,CityLink Red,237343
02/2019,CityLink Silver,145154
02/2019,CityLink Yellow,159426
03/2019,21,50925
03/2019,22,230212
03/2019,26,134148
03/2019,28,89914
03/2019,29,108752
03/2019,30,133269
03/2019,31,94024
03/2019,33,23187
03/2019,34,21544
03/2019,36,61731
03/2019,37,64194
03/2019,38,2569
03/2019,51,37638
03/2019,52,7052
03/2019,53,108965
03/2019,54,187616
03/2019,56,112408
03/2019,57,11243
03/2019,59,31858
03/2019,62,62325
03/2019,63,41799
03/2019,65,28055
03/2019,67,25129
03/2019,69,37991
03/2019,70,48240
03/2019,71,39567
03/2019,73,34079
03/2019,75,33252
03/2019,76,71256
03/2019,77,46502
03/2019,78,117321
03/2019,79,40312
03/2019,80,197193
03/2019,81,45784
03/2019,82,36513
03/2019,83,88558
03/2019,85,128374
03/2019,87,41392
03/2019,89,45469
03/2019,91,23051
03/2019,92,7966
03/2019,93,30983
03/2019,94,44220
03/2019,95,15556
03/2019,103,7701
03/2019,104,657
03/2019,105,4736
03/2019,115,5517
03/2019,120,9316
03/2019,150,4361
03/2019,154,9882
03/2019,CityLink Blue,231117
03/2019,CityLink Brown,194124
03/2019,CityLink Gold,246537
03/2019,CityLink Green,171289
03/2019,CityLink Lime,159767
03/2019,CityLink Navy,188653
03/2019,CityLink Orange,246570
03/2019,CityLink Pink,180028
03/2019,CityLink Purple,160965
03/2019,CityLink Red,312921
03/2019,CityLink Silver,159971
03/2019,CityLink Yellow,174272
04/2019,21,52001
04/2019,22,224858
04/2019,26,128817
04/2019,28,88825
04/2019,29,106752
04/2019,30,139394
04/2019,31,96645
04/2019,33,22814
04/2019,34,21834
04/2019,36,63028
04/2019,37,67118
04/2019,38,3520
04/2019,51,40759
04/2019,52,8016
04/2019,53,109253
04/2019,54,186104
04/2019,56,123492
04/2019,57,9764
04/2019,59,33604
04/2019,62,64563
04/2019,63,47712
04/2019,65,31133
04/2019,67,26294
04/2019,69,38737
04/2019,70,51979
04/2019,71,39532
04/2019,73,35741
04/2019,75,34229
04/2019,76,74824
04/2019,77,46717
04/2019,78,117933
04/2019,79,40562
04/2019,80,191947
04/2019,81,47395
04/2019,82,37445
04/2019,83,89340
04/2019,85,129423
04/2019,87,44661
04/2019,89,47681
04/2019,91,21811
04/2019,92,6640
04/2019,93,33584
04/2019,94,43097
04/2019,95,15779
04/2019,103,8281
04/2019,104,458
04/2019,105,4665
04/2019,115,5146
04/2019,120,10391
04/2019,150,4816
04/2019,154,9986
04/2019,CityLink Blue,242184
04/2019,CityLink Brown,198579
04/2019,CityLink Gold,250032
04/2019,CityLink Green,176658
04/2019,CityLink Lime,159460
04/2019,CityLink Navy,199665
04/2019,CityLink Orange,240707
04/2019,CityLink Pink,176382
04/2019,CityLink Purple,152863
04/2019,CityLink Red,310273
04/2019,CityLink Silver,170469
04/2019,CityLink Yellow,181436
05/2019,21,59734
05/2019,22,237386
05/2019,26,141354
05/2019,28,97254
05/2019,29,115208
05/2019,30,157948
05/2019,31,105872
05/2019,33,25690
05/2019,34,23938
05/2019,36,67495
05/2019,37,75136
05/2019,38,2699
05/2019,51,43439
05/2019,52,8760
05/2019,53,124805
05/2019,54,202802
05/2019,56,127756
05/2019,57,11601
05/2019,59,37625
05/2019,62,70897
05/2019,63,54743
05/2019,65,35638
05/2019,67,28344
05/2019,69,41338
05/2019,70,53195
05/2019,71,46400
05/2019,73,38394
05/2019,75,39277
05/2019,76,80819
05/2019,77,50997
05/2019,78,129202
05/2019,79,45475
05/2019,80,208786
05/2019,81,47865
05/2019,82,40531
05/2019,83,90416
05/2019,85,138189
05/2019,87,45703
05/2019,89,52213
05/2019,91,24946
05/2019,92,9151
05/2019,93,34106
05/2019,94,50195
05/2019,95,17195
05/2019,103,9248
05/2019,104,468
05/2019,105,5029
05/2019,115,5589
05/2019,120,9883
05/2019,150,4744
05/2019,154,10482
05/2019,CityLink Blue,259191
05/2019,CityLink Brown,210232
05/2019,CityLink Gold,244995
05/2019,CityLink Green,197823
05/2019,CityLink Lime,173007
05/2019,CityLink Navy,215306
05/2019,CityLink Orange,267907
05/2019,CityLink Pink,198646
05/2019,CityLink Purple,181214
05/2019,CityLink Red,303177
05/2019,CityLink Silver,191301
05/2019,CityLink Yellow,187227
06/2019,21,53670
06/2019,22,221284
06/2019,26,134589
06/2019,28,90458
06/2019,29,112567
06/2019,30,140983
06/2019,31,101372
06/2019,33,24122
06/2019,34,22170
06/2019,36,64472
06/2019,37,67568
06/2019,38,2500
06/2019,51,40459
06/2019,52,7140
06/2019,53,115257
06/2019,54,197514
06/2019,56,131091
06/2019,57,9643
06/2019,59,35800
06/2019,62,67945
06/2019,63,60773
06/2019,65,33845
06/2019,67,23536
06/2019,69,41295
06/2019,70,51311
06/2019,71,43873
06/2019,73,33725
06/2019,75,39495
06/2019,76,72202
06/2019,77,49895
06/2019,78,117287
06/2019,79,42852
06/2019,80,195025
06/2019,81,49462
06/2019,82,37200
06/2019,83,89167
06/2019,85,140084
06/2019,87,45283
06/2019,89,49591
06/2019,91,23190
06/2019,92,7404
06/2019,93,35979
06/2019,94,45888
06/2019,95,15340
06/2019,103,8045
06/2019,104,323
06/2019,105,4193
06/2019,115,4616
06/2019,120,8756
06/2019,150,4385
06/2019,154,9012
06/2019,CityLink Blue,243805
06/2019,CityLink Brown,198229
06/2019,CityLink Gold,247754
06/2019,CityLink Green,187270
06/2019,CityLink Lime,160361
06/2019,CityLink Navy,209980
06/2019,CityLink Orange,248288
06/2019,CityLink Pink,195479
06/2019,CityLink Purple,170051
06/2019,CityLink Red,302571
06/2019,CityLink Silver,173752
06/2019,CityLink Yellow,186896
07/2019,21,54072
07/2019,22,190141
07/2019,26,121853
07/2019,28,77426
07/2019,29,105586
07/2019,30,131046
07/2019,31,93642
07/2019,33,19528
07/2019,34,22277
07/2019,36,62017
07/2019,37,65286
07/2019,38,
07/2019,51,43791
07/2019,52,7580
07/2019,53,102057
07/2019,54,189912
07/2019,56,124572
07/2019,57,8172
07/2019,59,30292
07/2019,62,65127
07/2019,63,62257
07/2019,65,37260
07/2019,67,24587
07/2019,69,41549
07/2019,70,51846
07/2019,71,43305
07/2019,73,38954
07/2019,75,40355
07/2019,76,70891
07/2019,77,43662
07/2019,78,109255
07/2019,79,40791
07/2019,80,188549
07/2019,81,46260
07/2019,82,34147
07/2019,83,93500
07/2019,85,132220
07/2019,87,43029
07/2019,89,46546
07/2019,91,20095
07/2019,92,2660
07/2019,93,36386
07/2019,94,41324
07/2019,95,14575
07/2019,103,7887
07/2019,104,634
07/2019,105,3851
07/2019,115,4833
07/2019,120,10045
07/2019,150,4519
07/2019,154,9371
07/2019,CityLink Blue,230888
07/2019,CityLink Brown,196255
07/2019,CityLink Gold,244422
07/2019,CityLink Green,178271
07/2019,CityLink Lime,157487
07/2019,CityLink Navy,196318
07/2019,CityLink Orange,242552
07/2019,CityLink Pink,189167
07/2019,CityLink Purple,167587
07/2019,CityLink Red,297572
07/2019,CityLink Silver,173377
07/2019,CityLink Yellow,184821
08/2019,21,51496
08/2019,22,194286
08/2019,26,120165
08/2019,28,78054
08/2019,29,106002
08/2019,30,132693
08/2019,31,90666
08/2019,33,17126
08/2019,34,22986
08/2019,36,64255
08/2019,37,66392
08/2019,38,
08/2019,51,43332
08/2019,52,7086
08/2019,53,98952
08/2019,54,187983
08/2019,56,129789
08/2019,57,8872
08/2019,59,31103
08/2019,62,67049
08/2019,63,63137
08/2019,65,36835
08/2019,67,21712
08/2019,69,42435
08/2019,70,54518
08/2019,71,41206
08/2019,73,41421
08/2019,75,40367
08/2019,76,75898
08/2019,77,43245
08/2019,78,109648
08/2019,79,41386
08/2019,80,187913
08/2019,81,52334
08/2019,82,34030
08/2019,83,91966
08/2019,85,129218
08/2019,87,44878
08/2019,89,49302
08/2019,91,19463
08/2019,92,2601
08/2019,93,37913
08/2019,94,42596
08/2019,95,13334
08/2019,103,8360
08/2019,104,464
08/2019,105,3822
08/2019,115,4448
08/2019,120,11656
08/2019,150,4340
08/2019,154,8323
08/2019,CityLink Blue,242447
08/2019,CityLink Brown,207275
08/2019,CityLink Gold,251214
08/2019,CityLink Green,179961
08/2019,CityLink Lime,149212
08/2019,CityLink Navy,195965
08/2019,CityLink Orange,247367
08/2019,CityLink Pink,187583
08/2019,CityLink Purple,164864
08/2019,CityLink Red,308148
08/2019,CityLink Silver,162616
08/2019,CityLink Yellow,195865
09/2019,21,59961
09/2019,22,235671
09/2019,26,145037
09/2019,28,100085
09/2019,29,118984
09/2019,30,148216
09/2019,31,95714
09/2019,33,26966
09/2019,34,24526
09/2019,36,64350
09/2019,37,70700
09/2019,38,2046
09/2019,51,41623
09/2019,52,7355
09/2019,53,121176
09/2019,54,210433
09/2019,56,129045
09/2019,57,10821
09/2019,59,35966
09/2019,62,67750
09/2019,63,63954
09/2019,65,37331
09/2019,67,22902
09/2019,69,40555
09/2019,70,53560
09/2019,71,46496
09/2019,73,40216
09/2019,75,39326
09/2019,76,78114
09/2019,77,48793
09/2019,78,116920
09/2019,79,45103
09/2019,80,214964
09/2019,81,47547
09/2019,82,39594
09/2019,83,93083
09/2019,85,144347
09/2019,87,47026
09/2019,89,50138
09/2019,91,18970
09/2019,92,8091
09/2019,93,32758
09/2019,94,49889
09/2019,95,16473
09/2019,103,9012
09/2019,104,716
09/2019,105,4287
09/2019,115,4451
09/2019,120,8859
09/2019,150,4375
09/2019,154,10039
09/2019,CityLink Blue,246328
09/2019,CityLink Brown,214214
09/2019,CityLink Gold,262695
09/2019,CityLink Green,199718
09/2019,CityLink Lime,176055
09/2019,CityLink Navy,213666
09/2019,CityLink Orange,250077
09/2019,CityLink Pink,210502
09/2019,CityLink Purple,168940
09/2019,CityLink Red,305254
09/2019,CityLink Silver,177579
09/2019,CityLink Yellow,197308
10/2019,21,57730
10/2019,22,236356
10/2019,26,147548
10/2019,28,104104
10/2019,29,126698
10/2019,30,154699
10/2019,31,101430
10/2019,33,27963
10/2019,34,25875
10/2019,36,74241
10/2019,37,76779
10/2019,38,2660
10/2019,51,47228
10/2019,52,6513
10/2019,53,121465
10/2019,54,214868
10/2019,56,129988
10/2019,57,11513
10/2019,59,38589
10/2019,62,72493
10/2019,63,68851
10/2019,65,40015
10/2019,67,22765
10/2019,69,42498
10/2019,70,54831
10/2019,71,45340
10/2019,73,40431
10/2019,75,37416
10/2019,76,81708
10/2019,77,51811
10/2019,78,125100
10/2019,79,48098
10/2019,80,213869
10/2019,81,50219
10/2019,82,40113
10/2019,83,97759
10/2019,85,142460
10/2019,87,47838
10/2019,89,50238
10/2019,91,20068
10/2019,92,6506
10/2019,93,37321
10/2019,94,50366
10/2019,95,17249
10/2019,103,9484
10/2019,104,575
10/2019,105,4842
10/2019,115,5251
10/2019,120,9622
10/2019,150,4637
10/2019,154,9703
10/2019,CityLink Blue,250338
10/2019,CityLink Brown,225314
10/2019,CityLink Gold,275729
10/2019,CityLink Green,212801
10/2019,CityLink Lime,175423
10/2019,CityLink Navy,231085
10/2019,CityLink Orange,271082
10/2019,CityLink Pink,214245
10/2019,CityLink Purple,172665
10/2019,CityLink Red,314598
10/2019,CityLink Silver,185583
10/2019,CityLink Yellow,211921
11/2019,21,51743
11/2019,22,209592
11/2019,26,128495
11/2019,28,82784
11/2019,29,104426
11/2019,30,133046
11/2019,31,86987
11/2019,33,24549
11/2019,34,22251
11/2019,36,63548
11/2019,37,60489
11/2019,38,2340
11/2019,51,39928
11/2019,52,6504
11/2019,53,112528
11/2019,54,187792
11/2019,56,118240
11/2019,57,10831
11/2019,59,33051
11/2019,62,64018
11/2019,63,58437
11/2019,65,43013
11/2019,67,19745
11/2019,69,37876
11/2019,70,47707
11/2019,71,40666
11/2019,73,34262
11/2019,75,42245
11/2019,76,69621
11/2019,77,46593
11/2019,78,105000
11/2019,79,41746
11/2019,80,183808
11/2019,81,44942
11/2019,82,34558
11/2019,83,83010
11/2019,85,127469
11/2019,87,41448
11/2019,89,42925
11/2019,91,18293
11/2019,92,8173
11/2019,93,33283
11/2019,94,46716
11/2019,95,12957
11/2019,103,8390
11/2019,104,504
11/2019,105,3924
11/2019,115,4602
11/2019,120,8826
11/2019,150,3872
11/2019,154,8941
11/2019,CityLink Blue,231019
11/2019,CityLink Brown,193741
11/2019,CityLink Gold,256077
11/2019,CityLink Green,176289
11/2019,CityLink Lime,152853
11/2019,CityLink Navy,202526
11/2019,CityLink Orange,235242
11/2019,CityLink Pink,182015
11/2019,CityLink Purple,159645
11/2019,CityLink Red,289600
11/2019,CityLink Silver,160475
11/2019,CityLink Yellow,184651
12/2019,21,50000
12/2019,22,186042
12/2019,26,121472
12/2019,28,76419
12/2019,29,101154
12/2019,30,121724
12/2019,31,84048
12/2019,33,18984
12/2019,34,21009
12/2019,36,59216
12/2019,37,53935
12/2019,38,3140
12/2019,51,37508
12/2019,52,6361
12/2019,53,104014
12/2019,54,172653
12/2019,56,118162
12/2019,57,8216
12/2019,59,30615
12/2019,62,60430
12/2019,63,53478
12/2019,65,39655
12/2019,67,18183
12/2019,69,38306
12/2019,70,47205
12/2019,71,39107
12/2019,73,33225
12/2019,75,40754
12/2019,76,69146
12/2019,77,45548
12/2019,78,105156
12/2019,79,37996
12/2019,80,179434
12/2019,81,40875
12/2019,82,31854
12/2019,83,79732
12/2019,85,123274
12/2019,87,38003
12/2019,89,41650
12/2019,91,15969
12/2019,92,7253
12/2019,93,32289
12/2019,94,43315
12/2019,95,12286
12/2019,103,6842
12/2019,104,427
12/2019,105,3673
12/2019,115,4120
12/2019,120,7507
12/2019,150,3589
12/2019,154,8317
12/2019,CityLink Blue,224788
12/2019,CityLink Brown,183890
12/2019,CityLink Gold,243231
12/2019,CityLink Green,168659
12/2019,CityLink Lime,136406
12/2019,CityLink Navy,191989
12/2019,CityLink Orange,223354
12/2019,CityLink Pink,163677
12/2019,CityLink Purple,155456
12/2019,CityLink Red,275281
12/2019,CityLink Silver,158237
12/2019,CityLink Yellow,183382
01/2020,21,53745
01/2020,22,200442
01/2020,26,127599
01/2020,28,86072
01/2020,29,101850
01/2020,30,139368
01/2020,31,84320
01/2020,33,24077
01/2020,34,22904
01/2020,36,60149
01/2020,37,57058
01/2020,38,2440
01/2020,51,38778
01/2020,52,5919
01/2020,53,108278
01/2020,54,187180
01/2020,56,118401
01/2020,57,10443
01/2020,59,32963
01/2020,62,62330
01/2020,63,53055
01/2020,65,39071
01/2020,67,20495
01/2020,69,37821
01/2020,70,48100
01/2020,71,40564
01/2020,73,33735
01/2020,75,40195
01/2020,76,66438
01/2020,77,46012
01/2020,78,107166
01/2020,79,40730
01/2020,80,205189
01/2020,81,43954
01/2020,82,36110
01/2020,83,84606
01/2020,85,127754
01/2020,87,41647
01/2020,89,43416
01/2020,91,17950
01/2020,92,7143
01/2020,93,30823
01/2020,94,46359
01/2020,95,16943
01/2020,103,8418
01/2020,104,490
01/2020,105,4303
01/2020,115,4405
01/2020,120,9579
01/2020,150,3635
01/2020,154,7935
01/2020,CityLink Blue,231611
01/2020,CityLink Brown,196894
01/2020,CityLink Gold,253664
01/2020,CityLink Green,183603
01/2020,CityLink Lime,151208
01/2020,CityLink Navy,197092
01/2020,CityLink Orange,234305
01/2020,CityLink Pink,175797
01/2020,CityLink Purple,159241
01/2020,CityLink Red,296663
01/2020,CityLink Silver,163571
01/2020,CityLink Yellow,184394
02/2020,21,50883
02/2020,22,199551
02/2020,26,123708
02/2020,28,87889
02/2020,29,101593
02/2020,30,138301
02/2020,31,82319
02/2020,33,20550
02/2020,34,21978
02/2020,36,58401
02/2020,37,60786
02/2020,38,2665
02/2020,51,36828
02/2020,52,5990
02/2020,53,104072
02/2020,54,180684
02/2020,56,119252
02/2020,57,9526
02/2020,59,31888
02/2020,62,60490
02/2020,63,47738
02/2020,65,35902
02/2020,67,18789
02/2020,69,34621
02/2020,70,47907
02/2020,71,36904
02/2020,73,29122
02/2020,75,33855
02/2020,76,66906
02/2020,77,41366
02/2020,78,101444
02/2020,79,40360
02/2020,80,185307
02/2020,81,41934
02/2020,82,33262
02/2020,83,76105
02/2020,85,129893
02/2020,87,39668
02/2020,89,41817
02/2020,91,17812
02/2020,92,6566
02/2020,93,29205
02/2020,94,43071
02/2020,95,15007
02/2020,103,7195
02/2020,104,407
02/2020,105,3744
02/2020,115,4953
02/2020,120,8313
02/2020,150,3232
02/2020,154,7895
02/2020,CityLink Blue,230410
02/2020,CityLink Brown,188417
02/2020,CityLink Gold,239859
02/2020,CityLink Green,170292
02/2020,CityLink Lime,145490
02/2020,CityLink Navy,190951
02/2020,CityLink Orange,231432
02/2020,CityLink Pink,174308
02/2020,CityLink Purple,154706
02/2020,CityLink Red,276699
02/2020,CityLink Silver,157385
02/2020,CityLink Yellow,173331
03/2020,21,44559
03/2020,22,168952
03/2020,26,101691
03/2020,28,72801
03/2020,29,86706
03/2020,30,114491
03/2020,31,70633
03/2020,33,17411
03/2020,34,18612
03/2020,36,48811
03/2020,37,49841
03/2020,38,2001
03/2020,51,35067
03/2020,52,4307
03/2020,53,90923
03/2020,54,157569
03/2020,56,102717
03/2020,57,9088
03/2020,59,27958
03/2020,62,52685
03/2020,63,44619
03/2020,65,31505
03/2020,67,14992
03/2020,69,32030
03/2020,70,40624
03/2020,71,32091
03/2020,73,26764
03/2020,75,27521
03/2020,76,59531
03/2020,77,40123
03/2020,78,95207
03/2020,79,39273
03/2020,80,175644
03/2020,81,35922
03/2020,82,30831
03/2020,83,69171
03/2020,85,116093
03/2020,87,34193
03/2020,89,37796
03/2020,91,15586
03/2020,92,6618
03/2020,93,25928
03/2020,94,37014
03/2020,95,11960
03/2020,103,5726
03/2020,104,255
03/2020,105,3023
03/2020,115,3629
03/2020,120,7507
03/2020,150,2575
03/2020,154,6357
03/2020,CityLink Blue,200561
03/2020,CityLink Brown,159464
03/2020,CityLink Gold,202881
03/2020,CityLink Green,141289
03/2020,CityLink Lime,131859
03/2020,CityLink Navy,165596
03/2020,CityLink Orange,196824
03/2020,CityLink Pink,150375
03/2020,CityLink Purple,124571
03/2020,CityLink Red,212364
03/2020,CityLink Silver,129081
03/2020,CityLink Yellow,163750
04/2020,21,28166
04/2020,22,90558
04/2020,26,44772
04/2020,28,28935
04/2020,29,56164
04/2020,30,63135
04/2020,31,41089
04/2020,33,5912
04/2020,34,8085
04/2020,36,25820
04/2020,37,24753
04/2020,38,78
04/2020,51,18282
04/2020,52,2982
04/2020,53,39043
04/2020,54,82529
04/2020,56,53830
04/2020,57,3078
04/2020,59,16760
04/2020,62,27641
04/2020,63,32653
04/2020,65,21663
04/2020,67,8578
04/2020,69,18824
04/2020,70,24682
04/2020,71,18156
04/2020,73,12019
04/2020,75,16137
04/2020,76,27741
04/2020,77,20813
04/2020,78,51382
04/2020,79,21338
04/2020,80,100270
04/2020,81,16530
04/2020,82,16186
04/2020,83,39211
04/2020,85,78302
04/2020,87,16617
04/2020,89,21300
04/2020,91,11922
04/2020,92,14
04/2020,93,15565
04/2020,94,15521
04/2020,95,3314
04/2020,103,337
04/2020,104,21
04/2020,105,147
04/2020,115,269
04/2020,120,353
04/2020,150,120
04/2020,154,120
04/2020,CityLink Blue,135669
04/2020,CityLink Brown,86627
04/2020,CityLink Gold,131159
04/2020,CityLink Green,74543
04/2020,CityLink Lime,84905
04/2020,CityLink Navy,99758
04/2020,CityLink Orange,124146
04/2020,CityLink Pink,88185
04/2020,CityLink Purple,71904
04/2020,CityLink Red,148650
04/2020,CityLink Silver,63716
04/2020,CityLink Yellow,106610
05/2020,21,34058
05/2020,22,80442
05/2020,26,39654
05/2020,28,29506
05/2020,29,54957
05/2020,30,59140
05/2020,31,42854
05/2020,33,5259
05/2020,34,10552
05/2020,36,27636
05/2020,37,23270
05/2020,38,
05/2020,51,16304
05/2020,52,3356
05/2020,53,45744
05/2020,54,81285
05/2020,56,56114
05/2020,57,4558
05/2020,59,19810
05/2020,62,29802
05/2020,63,42672
05/2020,65,25178
05/2020,67,6995
05/2020,69,21838
05/2020,70,23437
05/2020,71,22987
05/2020,73,15703
05/2020,75,13889
05/2020,76,27562
05/2020,77,23821
05/2020,78,54276
05/2020,79,26679
05/2020,80,101947
05/2020,81,19107
05/2020,82,17716
05/2020,83,47673
05/2020,85,89425
05/2020,87,14796
05/2020,89,25715
05/2020,91,12811
05/2020,92,
05/2020,93,15263
05/2020,94,13187
05/2020,95,557
05/2020,103,
05/2020,104,
05/2020,105,
05/2020,115,
05/2020,120,
05/2020,150,
05/2020,154,
05/2020,CityLink Blue,120276
05/2020,CityLink Brown,88344
05/2020,CityLink Gold,124196
05/2020,CityLink Green,81761
05/2020,CityLink Lime,82529
05/2020,CityLink Navy,104721
05/2020,CityLink Orange,115287
05/2020,CityLink Pink,86312
05/2020,CityLink Purple,82456
05/2020,CityLink Red,140223
05/2020,CityLink Silver,66600
05/2020,CityLink Yellow,103961
06/2020,21,38444
06/2020,22,89257
06/2020,26,43773
06/2020,28,32285
06/2020,29,65759
06/2020,30,67947
06/2020,31,51855
06/2020,33,6521
06/2020,34,13485
06/2020,36,35907
06/2020,37,29043
06/2020,38,
06/2020,51,19323
06/2020,52,4146
06/2020,53,50573
06/2020,54,105456
06/2020,56,62656
06/2020,57,4770
06/2020,59,22609
06/2020,62,34855
06/2020,63,46961
06/2020,65,26167
06/2020,67,9041
06/2020,69,22018
06/2020,70,30743
06/2020,71,25850
06/2020,73,19848
06/2020,75,14649
06/2020,76,36424
06/2020,77,25293
06/2020,78,60629
06/2020,79,27567
06/2020,80,115594
06/2020,81,25933
06/2020,82,20529
06/2020,83,53447
06/2020,85,97105
06/2020,87,19753
06/2020,89,30117
06/2020,91,15779
06/2020,92,
06/2020,93,19754
06/2020,94,14764
06/2020,95,562
06/2020,103,
06/2020,104,
06/2020,105,
06/2020,115,
06/2020,120,
06/2020,150,
06/2020,154,
06/2020,CityLink Blue,132145
06/2020,CityLink Brown,100107
06/2020,CityLink Gold,138010
06/2020,CityLink Green,95998
06/2020,CityLink Lime,87875
06/2020,CityLink Navy,111913
06/2020,CityLink Orange,136586
06/2020,CityLink Pink,95030
06/2020,CityLink Purple,91758
06/2020,CityLink Red,160849
06/2020,CityLink Silver,78036
06/2020,CityLink Yellow,109002
07/2020,21,35757
07/2020,22,113459
07/2020,26,65190
07/2020,28,44053
07/2020,29,58374
07/2020,30,78623
07/2020,31,44218
07/2020,33,7835
07/2020,34,12039
07/2020,36,37928
07/2020,37,37379
07/2020,38,
07/2020,51,19603
07/2020,52,3992
07/2020,53,62062
07/2020,54,109541
07/2020,56,77718
07/2020,57,4645
07/2020,59,20985
07/2020,62,36458
07/2020,63,48914
07/2020,65,31996
07/2020,67,11734
07/2020,69,24344
07/2020,70,32613
07/2020,71,16889
07/2020,73,22014
07/2020,75,19931
07/2020,76,42500
07/2020,77,33333
07/2020,78,64749
07/2020,79,24561
07/2020,80,112767
07/2020,81,22930
07/2020,82,19102
07/2020,83,60760
07/2020,85,100180
07/2020,87,25361
07/2020,89,26719
07/2020,91,14244
07/2020,92,
07/2020,93,23209
07/2020,94,19745
07/2020,95,5660
07/2020,103,
07/2020,104,
07/2020,105,
07/2020,115,
07/2020,120,
07/2020,150,
07/2020,154,
07/2020,CityLink Blue,149528
07/2020,CityLink Brown,123157
07/2020,CityLink Gold,165876
07/2020,CityLink Green,115617
07/2020,CityLink Lime,99517
07/2020,CityLink Navy,132394
07/2020,CityLink Orange,160740
07/2020,CityLink Pink,117320
07/2020,CityLink Purple,100355
07/2020,CityLink Red,170157
07/2020,CityLink Silver,84911
07/2020,CityLink Yellow,136172
08/2020,21,32812
08/2020,22,124887
08/2020,26,71241
08/2020,28,42568
08/2020,29,59188
08/2020,30,84814
08/2020,31,55618
08/2020,33,8776
08/2020,34,12659
08/2020,36,35729
08/2020,37,32345
08/2020,38,
08/2020,51,21472
08/2020,52,4037
08/2020,53,64538
08/2020,54,116618
08/2020,56,81339
08/2020,57,5123
08/2020,59,24262
08/2020,62,34364
08/2020,63,45622
08/2020,65,31025
08/2020,67,13003
08/2020,69,24288
08/2020,70,29482
08/2020,71,20279
08/2020,73,20858
08/2020,75,20029
08/2020,76,41731
08/2020,77,30707
08/2020,78,67925
08/2020,79,24124
08/2020,80,132798
08/2020,81,28072
08/2020,82,21835
08/2020,83,54247
08/2020,85,96844
08/2020,87,25172
08/2020,89,32201
08/2020,91,9439
08/2020,92,
08/2020,93,20510
08/2020,94,21030
08/2020,95,5329
08/2020,103,
08/2020,104,
08/2020,105,
08/2020,115,
08/2020,120,
08/2020,150,
08/2020,154,
08/2020,CityLink Blue,154506
08/2020,CityLink Brown,125611
08/2020,CityLink Gold,156804
08/2020,CityLink Green,102994
08/2020,CityLink Lime,107575
08/2020,CityLink Navy,129643
08/2020,CityLink Orange,163474
08/2020,CityLink Pink,124383
08/2020,CityLink Purple,102115
08/2020,CityLink Red,182709
08/2020,CityLink Silver,92146
08/2020,CityLink Yellow,131426
09/2020,21,31166
09/2020,22,156852
09/2020,26,66237
09/2020,28,39118
09/2020,29,56664
09/2020,30,76856
09/2020,31,48774
09/2020,33,7415
09/2020,34,11799
09/2020,36,36697
09/2020,37,31765
09/2020,38,
09/2020,51,22529
09/2020,52,2986
09/2020,53,65010
09/2020,54,112421
09/2020,56,78305
09/2020,57,4028
09/2020,59,20273
09/2020,62,34607
09/2020,63,45928
09/2020,65,30515
09/2020,67,13483
09/2020,69,24406
09/2020,70,29970
09/2020,71,17671
09/2020,73,19265
09/2020,75,19125
09/2020,76,40195
09/2020,77,29927
09/2020,78,61409
09/2020,79,24490
09/2020,80,117995
09/2020,81,23658
09/2020,82,20627
09/2020,83,53709
09/2020,85,85739
09/2020,87,23255
09/2020,89,30273
09/2020,91,12843
09/2020,92,
09/2020,93,21245
09/2020,94,20958
09/2020,95,5887
09/2020,103,
09/2020,104,
09/2020,105,
09/2020,115,
09/2020,120,
09/2020,150,
09/2020,154,
09/2020,CityLink Blue,146537
09/2020,CityLink Brown,116453
09/2020,CityLink Gold,161609
09/2020,CityLink Green,102999
09/2020,CityLink Lime,99017
09/2020,CityLink Navy,127116
09/2020,CityLink Orange,156823
09/2020,CityLink Pink,115997
09/2020,CityLink Purple,91609
09/2020,CityLink Red,185284
09/2020,CityLink Silver,83082
09/2020,CityLink Yellow,121591
10/2020,21,32278
10/2020,22,126043
10/2020,26,68481
10/2020,28,42214
10/2020,29,65798
10/2020,30,83470
10/2020,31,48471
10/2020,33,9622
10/2020,34,11940
10/2020,36,40056
10/2020,37,35300
10/2020,38,
10/2020,51,23963
10/2020,52,3526
10/2020,53,65505
10/2020,54,114925
10/2020,56,83962
10/2020,57,5527
10/2020,59,19789
10/2020,62,38395
10/2020,63,47627
10/2020,65,28297
10/2020,67,14289
10/2020,69,25444
10/2020,70,31143
10/2020,71,21093
10/2020,73,21929
10/2020,75,18225
10/2020,76,41275
10/2020,77,33518
10/2020,78,69952
10/2020,79,26897
10/2020,80,132558
10/2020,81,25027
10/2020,82,21198
10/2020,83,57608
10/2020,85,100235
10/2020,87,24902
10/2020,89,27762
10/2020,91,9420
10/2020,92,
10/2020,93,21084
10/2020,94,22881
10/2020,95,6437
10/2020,103,
10/2020,104,
10/2020,105,
10/2020,115,
10/2020,120,
10/2020,150,
10/2020,154,
10/2020,CityLink Blue,166158
10/2020,CityLink Brown,129258
10/2020,CityLink Gold,183281
10/2020,CityLink Green,122756
10/2020,CityLink Lime,103622
10/2020,CityLink Navy,144951
10/2020,CityLink Orange,171245
10/2020,CityLink Pink,126245
10/2020,CityLink Purple,101195
10/2020,CityLink Red,187423
10/2020,CityLink Silver,99149
10/2020,CityLink Yellow,136842
11/2020,21,28027
11/2020,22,114592
11/2020,26,60571
11/2020,28,35753
11/2020,29,55802
11/2020,30,69164
11/2020,31,41719
11/2020,33,9291
11/2020,34,10884
11/2020,36,32515
11/2020,37,29575
11/2020,38,
11/2020,51,18135
11/2020,52,4141
11/2020,53,57949
11/2020,54,104213
11/2020,56,72234
11/2020,57,4273
11/2020,59,18048
11/2020,62,33246
11/2020,63,46149
11/2020,65,26004
11/2020,67,11169
11/2020,69,19982
11/2020,70,27267
11/2020,71,17160
11/2020,73,18559
11/2020,75,17101
11/2020,76,37065
11/2020,77,28789
11/2020,78,63834
11/2020,79,21390
11/2020,80,107405
11/2020,81,21728
11/2020,82,17730
11/2020,83,45357
11/2020,85,74733
11/2020,87,20636
11/2020,89,26455
11/2020,91,12184
11/2020,92,
11/2020,93,18561
11/2020,94,18383
11/2020,95,5875
11/2020,103,
11/2020,104,
11/2020,105,
11/2020,115,
11/2020,120,
11/2020,150,
11/2020,154,
11/2020,CityLink Blue,141717
11/2020,CityLink Brown,110368
11/2020,CityLink Gold,144343
11/2020,CityLink Green,108635
11/2020,CityLink Lime,85735
11/2020,CityLink Navy,123793
11/2020,CityLink Orange,153905
11/2020,CityLink Pink,117902
11/2020,CityLink Purple,92725
11/2020,CityLink Red,167729
11/2020,CityLink Silver,78900
11/2020,CityLink Yellow,113038
12/2020,21,25979
12/2020,22,102178
12/2020,26,58386
12/2020,28,33190
12/2020,29,51552
12/2020,30,65896
12/2020,31,39612
12/2020,33,7927
12/2020,34,9142
12/2020,36,32757
12/2020,37,25116
12/2020,38,
12/2020,51,19598
12/2020,52,2890
12/2020,53,52237
12/2020,54,100707
12/2020,56,72089
12/2020,57,4234
12/2020,59,16500
12/2020,62,31342
12/2020,63,41668
12/2020,65,23126
12/2020,67,10972
12/2020,69,21103
12/2020,70,25570
12/2020,71,14796
12/2020,73,16709
12/2020,75,16839
12/2020,76,34207
12/2020,77,26455
12/2020,78,56663
12/2020,79,21111
12/2020,80,103930
12/2020,81,19388
12/2020,82,17628
12/2020,83,46495
12/2020,85,73397
12/2020,87,20593
12/2020,89,24343
12/2020,91,10188
12/2020,92,
12/2020,93,17010
12/2020,94,18160
12/2020,95,5479
12/2020,103,
12/2020,104,
12/2020,105,
12/2020,115,
12/2020,120,
12/2020,150,
12/2020,154,
12/2020,CityLink Blue,130069
12/2020,CityLink Brown,94944
12/2020,CityLink Gold,134164
12/2020,CityLink Green,92236
12/2020,CityLink Lime,84791
12/2020,CityLink Navy,113797
12/2020,CityLink Orange,143659
12/2020,CityLink Pink,108009
12/2020,CityLink Purple,82823
12/2020,CityLink Red,161519
12/2020,CityLink Silver,70863
12/2020,CityLink Yellow,109372
01/2021,21,25281
01/2021,22,103109
01/2021,26,55799
01/2021,28,31689
01/2021,29,47873
01/2021,30,67662
01/2021,31,39742
01/2021,33,8765
01/2021,34,8776
01/2021,36,30135
01/2021,37,25177
01/2021,38,
01/2021,51,18041
01/2021,52,3865
01/2021,53,53002
01/2021,54,87882
01/2021,56,64475
01/2021,57,3797
01/2021,59,13876
01/2021,62,29839
01/2021,63,36669
01/2021,65,22139
01/2021,67,10475
01/2021,69,20802
01/2021,70,26152
01/2021,71,17017
01/2021,73,19164
01/2021,75,16259
01/2021,76,31160
01/2021,77,25827
01/2021,78,54408
01/2021,79,20449
01/2021,80,102799
01/2021,81,23084
01/2021,82,17973
01/2021,83,49266
01/2021,85,75852
01/2021,87,18895
01/2021,89,24495
01/2021,91,11092
01/2021,92,
01/2021,93,15783
01/2021,94,18010
01/2021,95,5543
01/2021,103,
01/2021,104,
01/2021,105,
01/2021,115,
01/2021,120,
01/2021,150,
01/2021,154,
01/2021,160,
01/2021,CityLink Blue,126504
01/2021,CityLink Brown,94225
01/2021,CityLink Gold,134007
01/2021,CityLink Green,90321
01/2021,CityLink Lime,79136
01/2021,CityLink Navy,105503
01/2021,CityLink Orange,138130
01/2021,CityLink Pink,98023
01/2021,CityLink Purple,82064
01/2021,CityLink Red,155293
01/2021,CityLink Silver,72822
01/2021,CityLink Yellow,112217
01/2021,163,
02/2021,21,21123
02/2021,22,88292
02/2021,26,49703
02/2021,28,30303
02/2021,29,43589
02/2021,30,59769
02/2021,31,31580
02/2021,33,6883
02/2021,34,6857
02/2021,36,24889
02/2021,37,22587
02/2021,38,
02/2021,51,16280
02/2021,52,2530
02/2021,53,47211
02/2021,54,76057
02/2021,56,58010
02/2021,57,3227
02/2021,59,11798
02/2021,62,23876
02/2021,63,32667
02/2021,65,20916
02/2021,67,8568
02/2021,69,15819
02/2021,70,22270
02/2021,71,13333
02/2021,73,14161
02/2021,75,15057
02/2021,76,29244
02/2021,77,24423
02/2021,78,44875
02/2021,79,18563
02/2021,80,86184
02/2021,81,17475
02/2021,82,14496
02/2021,83,39160
02/2021,85,62261
02/2021,87,16866
02/2021,89,18426
02/2021,91,8409
02/2021,92,
02/2021,93,14523
02/2021,94,15716
02/2021,95,4620
02/2021,103,
02/2021,104,
02/2021,105,
02/2021,115,
02/2021,120,
02/2021,150,
02/2021,154,
02/2021,160,
02/2021,CityLink Blue,108267
02/2021,CityLink Brown,84468
02/2021,CityLink Gold,106747
02/2021,CityLink Green,79660
02/2021,CityLink Lime,69019
02/2021,CityLink Navy,96472
02/2021,CityLink Orange,117626
02/2021,CityLink Pink,90998
02/2021,CityLink Purple,75922
02/2021,CityLink Red,137230
02/2021,CityLink Silver,61351
02/2021,CityLink Yellow,91652
02/2021,163,
03/2021,21,28568
03/2021,22,107736
03/2021,26,65808
03/2021,28,34857
03/2021,29,52839
03/2021,30,73683
03/2021,31,40823
03/2021,33,8360
03/2021,34,9472
03/2021,36,30824
03/2021,37,28910
03/2021,38,
03/2021,51,20092
03/2021,52,3003
03/2021,53,56069
03/2021,54,95659
03/2021,56,74627
03/2021,57,4225
03/2021,59,17047
03/2021,62,30063
03/2021,63,36921
03/2021,65,23128
03/2021,67,11011
03/2021,69,20501
03/2021,70,26493
03/2021,71,14668
03/2021,73,18545
03/2021,75,17131
03/2021,76,36581
03/2021,77,26270
03/2021,78,58769
03/2021,79,22316
03/2021,80,109678
03/2021,81,23177
03/2021,82,18636
03/2021,83,50017
03/2021,85,74307
03/2021,87,20228
03/2021,89,27599
03/2021,91,10275
03/2021,92,
03/2021,93,17742
03/2021,94,18178
03/2021,95,5189
03/2021,103,
03/2021,104,
03/2021,105,
03/2021,115,
03/2021,120,
03/2021,150,
03/2021,154,
03/2021,160,
03/2021,CityLink Blue,133176
03/2021,CityLink Brown,103799
03/2021,CityLink Gold,137912
03/2021,CityLink Green,99838
03/2021,CityLink Lime,88569
03/2021,CityLink Navy,122268
03/2021,CityLink Orange,141387
03/2021,CityLink Pink,110596
03/2021,CityLink Purple,85174
03/2021,CityLink Red,164893
03/2021,CityLink Silver,75094
03/2021,CityLink Yellow,112098
03/2021,163,
04/2021,21,28559
04/2021,22,107396
04/2021,26,65183
04/2021,28,34215
04/2021,29,53332
04/2021,30,75651
04/2021,31,42011
04/2021,33,9144
04/2021,34,10002
04/2021,36,32383
04/2021,37,29901
04/2021,38,
04/2021,51,20369
04/2021,52,3240
04/2021,53,58398
04/2021,54,97121
04/2021,56,74362
04/2021,57,4489
04/2021,59,18245
04/2021,62,32906
04/2021,63,35919
04/2021,65,22745
04/2021,67,11865
04/2021,69,22324
04/2021,70,26743
04/2021,71,17064
04/2021,73,19953
04/2021,75,17548
04/2021,76,37555
04/2021,77,25981
04/2021,78,60209
04/2021,79,23025
04/2021,80,107222
04/2021,81,21573
04/2021,82,18795
04/2021,83,48694
04/2021,85,70830
04/2021,87,21274
04/2021,89,26831
04/2021,91,11457
04/2021,92,
04/2021,93,18210
04/2021,94,18041
04/2021,95,5366
04/2021,103,
04/2021,104,
04/2021,105,
04/2021,115,
04/2021,120,
04/2021,150,
04/2021,154,
04/2021,160,
04/2021,CityLink Blue,141204
04/2021,CityLink Brown,108793
04/2021,CityLink Gold,135031
04/2021,CityLink Green,102439
04/2021,CityLink Lime,86361
04/2021,CityLink Navy,120912
04/2021,CityLink Orange,150430
04/2021,CityLink Pink,115392
04/2021,CityLink Purple,88786
04/2021,CityLink Red,167741
04/2021,CityLink Silver,75244
04/2021,CityLink Yellow,111209
04/2021,163,
05/2021,21,28597
05/2021,22,109146
05/2021,26,60806
05/2021,28,32781
05/2021,29,52463
05/2021,30,73398
05/2021,31,44149
05/2021,33,9523
05/2021,34,11026
05/2021,36,31804
05/2021,37,29562
05/2021,38,
05/2021,51,20220
05/2021,52,3414
05/2021,53,58661
05/2021,54,96606
05/2021,56,73322
05/2021,57,4282
05/2021,59,17240
05/2021,62,32182
05/2021,63,37477
05/2021,65,25537
05/2021,67,10832
05/2021,69,21638
05/2021,70,26668
05/2021,71,18261
05/2021,73,20278
05/2021,75,19279
05/2021,76,37054
05/2021,77,26571
05/2021,78,59896
05/2021,79,23931
05/2021,80,107581
05/2021,81,24106
05/2021,82,18297
05/2021,83,50451
05/2021,85,73341
05/2021,87,21239
05/2021,89,28914
05/2021,91,12078
05/2021,92,
05/2021,93,18493
05/2021,94,19667
05/2021,95,5057
05/2021,103,
05/2021,104,
05/2021,105,
05/2021,115,
05/2021,120,
05/2021,150,
05/2021,154,
05/2021,160,
05/2021,CityLink Blue,136766
05/2021,CityLink Brown,104247
05/2021,CityLink Gold,130765
05/2021,CityLink Green,99031
05/2021,CityLink Lime,86699
05/2021,CityLink Navy,118745
05/2021,CityLink Orange,144769
05/2021,CityLink Pink,109245
05/2021,CityLink Purple,86831
05/2021,CityLink Red,161886
05/2021,CityLink Silver,74989
05/2021,CityLink Yellow,111693
05/2021,163,
06/2021,21,28520
06/2021,22,111098
06/2021,26,67806
06/2021,28,32884
06/2021,29,53427
06/2021,30,72902
06/2021,31,43786
06/2021,33,8824
06/2021,34,11488
06/2021,36,33302
06/2021,37,30392
06/2021,38,
06/2021,51,20906
06/2021,52,3545
06/2021,53,56360
06/2021,54,98915
06/2021,56,75571
06/2021,57,4630
06/2021,59,18138
06/2021,62,34167
06/2021,63,39770
06/2021,65,26225
06/2021,67,11806
06/2021,69,21964
06/2021,70,26494
06/2021,71,19533
06/2021,73,19180
06/2021,75,18774
06/2021,76,37458
06/2021,77,26152
06/2021,78,60396
06/2021,79,24669
06/2021,80,116378
06/2021,81,22402
06/2021,82,18277
06/2021,83,53256
06/2021,85,75077
06/2021,87,21776
06/2021,89,28865
06/2021,91,12786
06/2021,92,
06/2021,93,18268
06/2021,94,20604
06/2021,95,5638
06/2021,103,
06/2021,104,
06/2021,105,
06/2021,115,
06/2021,120,
06/2021,150,
06/2021,154,
06/2021,160,
06/2021,CityLink Blue,140408
06/2021,CityLink Brown,108559
06/2021,CityLink Gold,135731
06/2021,CityLink Green,99985
06/2021,CityLink Lime,86675
06/2021,CityLink Navy,123655
06/2021,CityLink Orange,150363
06/2021,CityLink Pink,111901
06/2021,CityLink Purple,90343
06/2021,CityLink Red,165422
06/2021,CityLink Silver,77260
06/2021,CityLink Yellow,119728
06/2021,163,
07/2021,21,28203
07/2021,22,110855
07/2021,26,64107
07/2021,28,34598
07/2021,29,57213
07/2021,30,76084
07/2021,31,47478
07/2021,33,9573
07/2021,34,12103
07/2021,36,35225
07/2021,37,33781
07/2021,38,
07/2021,51,22814
07/2021,52,4059
07/2021,53,58252
07/2021,54,104160
07/2021,56,77524
07/2021,57,4584
07/2021,59,18583
07/2021,62,35473
07/2021,63,41621
07/2021,65,27318
07/2021,67,11943
07/2021,69,24322
07/2021,70,27901
07/2021,71,21151
07/2021,73,21476
07/2021,75,19887
07/2021,76,40025
07/2021,77,26953
07/2021,78,59879
07/2021,79,24624
07/2021,80,110318
07/2021,81,23180
07/2021,82,20048
07/2021,83,50184
07/2021,85,75207
07/2021,87,23129
07/2021,89,30241
07/2021,91,12950
07/2021,92,
07/2021,93,20973
07/2021,94,22708
07/2021,95,5440
07/2021,103,
07/2021,104,
07/2021,105,
07/2021,115,
07/2021,120,
07/2021,150,
07/2021,154,
07/2021,160,
07/2021,CityLink Blue,140185
07/2021,CityLink Brown,109952
07/2021,CityLink Gold,133034
07/2021,CityLink Green,105946
07/2021,CityLink Lime,87559
07/2021,CityLink Navy,123138
07/2021,CityLink Orange,149973
07/2021,CityLink Pink,113084
07/2021,CityLink Purple,94022
07/2021,CityLink Red,172932
07/2021,CityLink Silver,84934
07/2021,CityLink Yellow,110764
07/2021,163,
08/2021,21,25889
08/2021,22,101867
08/2021,26,57928
08/2021,28,35259
08/2021,29,52839
08/2021,30,69277
08/2021,31,43267
08/2021,33,9500
08/2021,34,11141
08/2021,36,32851
08/2021,37,31254
08/2021,38,
08/2021,51,21281
08/2021,52,4558
08/2021,53,53721
08/2021,54,96898
08/2021,56,70932
08/2021,57,4227
08/2021,59,18284
08/2021,62,32638
08/2021,63,39091
08/2021,65,25310
08/2021,67,11961
08/2021,69,20511
08/2021,70,25193
08/2021,71,18457
08/2021,73,20377
08/2021,75,18395
08/2021,76,38552
08/2021,77,25367
08/2021,78,57829
08/2021,79,21831
08/2021,80,104216
08/2021,81,21418
08/2021,82,18624
08/2021,83,49353
08/2021,85,70822
08/2021,87,20919
08/2021,89,27761
08/2021,91,12960
08/2021,92,
08/2021,93,19550
08/2021,94,22060
08/2021,95,6255
08/2021,103,
08/2021,104,
08/2021,105,
08/2021,115,
08/2021,120,
08/2021,150,
08/2021,154,
08/2021,160,
08/2021,CityLink Blue,128684
08/2021,CityLink Brown,100146
08/2021,CityLink Gold,126760
08/2021,CityLink Green,99989
08/2021,CityLink Lime,81265
08/2021,CityLink Navy,113609
08/2021,CityLink Orange,139570
08/2021,CityLink Pink,107417
08/2021,CityLink Purple,83797
08/2021,CityLink Red,158763
08/2021,CityLink Silver,78938
08/2021,CityLink Yellow,103550
08/2021,163,
09/2021,21,31155
09/2021,22,156951
09/2021,26,87993
09/2021,28,59995
09/2021,29,68530
09/2021,30,92238
09/2021,31,50631
09/2021,33,17064
09/2021,34,13901
09/2021,36,41212
09/2021,37,40555
09/2021,38,1904
09/2021,51,25825
09/2021,52,5232
09/2021,53,75599
09/2021,54,121469
09/2021,56,86181
09/2021,57,6223
09/2021,59,24599
09/2021,62,36388
09/2021,63,24267
09/2021,65,28111
09/2021,67,13387
09/2021,69,22292
09/2021,70,28056
09/2021,71,27266
09/2021,73,22954
09/2021,75,19419
09/2021,76,47366
09/2021,77,31614
09/2021,78,72811
09/2021,79,27511
09/2021,80,126908
09/2021,81,24889
09/2021,82,23541
09/2021,83,55911
09/2021,85,85567
09/2021,87,24043
09/2021,89,29827
09/2021,91,14621
09/2021,92,3926
09/2021,93,23050
09/2021,94,38538
09/2021,95,7593
09/2021,103,3149
09/2021,104,160
09/2021,105,2325
09/2021,115,2222
09/2021,120,2589
09/2021,150,925
09/2021,154,6588
09/2021,160,1361
09/2021,CityLink Blue,168989
09/2021,CityLink Brown,126804
09/2021,CityLink Gold,153274
09/2021,CityLink Green,130409
09/2021,CityLink Lime,101778
09/2021,CityLink Navy,144721
09/2021,CityLink Orange,175974
09/2021,CityLink Pink,143800
09/2021,CityLink Purple,108771
09/2021,CityLink Red,200078
09/2021,CityLink Silver,105418
09/2021,CityLink Yellow,122778
09/2021,163,28027
10/2021,21,29039
10/2021,22,165652
10/2021,26,89007
10/2021,28,64286
10/2021,29,71381
10/2021,30,95859
10/2021,31,51452
10/2021,33,17106
10/2021,34,14468
10/2021,36,41711
10/2021,37,40817
10/2021,38,2879
10/2021,51,24526
10/2021,52,4652
10/2021,53,76359
10/2021,54,115823
10/2021,56,90370
10/2021,57,6866
10/2021,59,23852
10/2021,62,38770
10/2021,63,25144
10/2021,65,27953
10/2021,67,14302
10/2021,69,23371
10/2021,70,30184
10/2021,71,28195
10/2021,73,23161
10/2021,75,20652
10/2021,76,48593
10/2021,77,32591
10/2021,78,73589
10/2021,79,29412
10/2021,80,129612
10/2021,81,24656
10/2021,82,23442
10/2021,83,56369
10/2021,85,85184
10/2021,87,24490
10/2021,89,31528
10/2021,91,14554
10/2021,92,4950
10/2021,93,22003
10/2021,94,39668
10/2021,95,7342
10/2021,103,3695
10/2021,104,222
10/2021,105,2622
10/2021,115,2692
10/2021,120,2949
10/2021,150,1098
10/2021,154,6183
10/2021,160,1943
10/2021,CityLink Blue,179417
10/2021,CityLink Brown,129833
10/2021,CityLink Gold,158935
10/2021,CityLink Green,132155
10/2021,CityLink Lime,105868
10/2021,CityLink Navy,148689
10/2021,CityLink Orange,190888
10/2021,CityLink Pink,143598
10/2021,CityLink Purple,110298
10/2021,CityLink Red,199108
10/2021,CityLink Silver,105587
10/2021,CityLink Yellow,124612
10/2021,163,34867
11/2021,21,25933
11/2021,22,153775
11/2021,26,82627
11/2021,28,57032
11/2021,29,69744
11/2021,30,88203
11/2021,31,48342
11/2021,33,15592
11/2021,34,12943
11/2021,36,38590
11/2021,37,37289
11/2021,38,1139
11/2021,51,22412
11/2021,52,4481
11/2021,53,69776
11/2021,54,110623
11/2021,56,85090
11/2021,57,6109
11/2021,59,21954
11/2021,62,36447
11/2021,63,24345
11/2021,65,26470
11/2021,67,14129
11/2021,69,22050
11/2021,70,28332
11/2021,71,26279
11/2021,73,19861
11/2021,75,19803
11/2021,76,42391
11/2021,77,28753
11/2021,78,72458
11/2021,79,26821
11/2021,80,128964
11/2021,81,23245
11/2021,82,21204
11/2021,83,51832
11/2021,85,79446
11/2021,87,22289
11/2021,89,28062
11/2021,91,13218
11/2021,92,4559
11/2021,93,20430
11/2021,94,34440
11/2021,95,6862
11/2021,103,3634
11/2021,104,193
11/2021,105,2953
11/2021,115,3383
11/2021,120,2945
11/2021,150,1448
11/2021,154,5476
11/2021,160,1910
11/2021,CityLink Blue,165889
11/2021,CityLink Brown,125743
11/2021,CityLink Gold,147208
11/2021,CityLink Green,122305
11/2021,CityLink Lime,96422
11/2021,CityLink Navy,143097
11/2021,CityLink Orange,176343
11/2021,CityLink Pink,131960
11/2021,CityLink Purple,106616
11/2021,CityLink Red,185763
11/2021,CityLink Silver,99034
11/2021,CityLink Yellow,118025
11/2021,163,39889
12/2021,21,27023
12/2021,22,153721
12/2021,26,88166
12/2021,28,55409
12/2021,29,70923
12/2021,30,91662
12/2021,31,47707
12/2021,33,15082
12/2021,34,13475
12/2021,36,39778
12/2021,37,35719
12/2021,38,1763
12/2021,51,23042
12/2021,52,5058
12/2021,53,71104
12/2021,54,108675
12/2021,56,86244
12/2021,57,6015
12/2021,59,24056
12/2021,62,37210
12/2021,63,24445
12/2021,65,26151
12/2021,67,14607
12/2021,69,22718
12/2021,70,28701
12/2021,71,25530
12/2021,73,20632
12/2021,75,20270
12/2021,76,45731
12/2021,77,30510
12/2021,78,76634
12/2021,79,26377
12/2021,80,124234
12/2021,81,23790
12/2021,82,21795
12/2021,83,53142
12/2021,85,81564
12/2021,87,22723
12/2021,89,29217
12/2021,91,13550
12/2021,92,4479
12/2021,93,21091
12/2021,94,35637
12/2021,95,6839
12/2021,103,3813
12/2021,104,178
12/2021,105,3046
12/2021,115,3115
12/2021,120,2659
12/2021,150,1528
12/2021,154,5791
12/2021,160,2085
12/2021,CityLink Blue,170368
12/2021,CityLink Brown,136556
12/2021,CityLink Gold,151009
12/2021,CityLink Green,125263
12/2021,CityLink Lime,92331
12/2021,CityLink Navy,145202
12/2021,CityLink Orange,188276
12/2021,CityLink Pink,139224
12/2021,CityLink Purple,116898
12/2021,CityLink Red,191585
12/2021,CityLink Silver,96660
12/2021,CityLink Yellow,123873
12/2021,163,40488
01/2022,21,22961
01/2022,22,126809
01/2022,26,74112
01/2022,28,45796
01/2022,29,57081
01/2022,30,74124
01/2022,31,39227
01/2022,33,12233
01/2022,34,11509
01/2022,36,32034
01/2022,37,29858
01/2022,38,2646
01/2022,51,18673
01/2022,52,4091
01/2022,53,59993
01/2022,54,95557
01/2022,56,68869
01/2022,57,4836
01/2022,59,20292
01/2022,62,28755
01/2022,63,21187
01/2022,65,23620
01/2022,67,12064
01/2022,69,19757
01/2022,70,24834
01/2022,71,22022
01/2022,73,17193
01/2022,75,18279
01/2022,76,37997
01/2022,77,24092
01/2022,78,59842
01/2022,79,21903
01/2022,80,109654
01/2022,81,20940
01/2022,82,19428
01/2022,83,44558
01/2022,85,67855
01/2022,87,19639
01/2022,89,24147
01/2022,91,11393
01/2022,92,5166
01/2022,93,17796
01/2022,94,30448
01/2022,95,6028
01/2022,103,3143
01/2022,104,183
01/2022,105,2718
01/2022,115,2327
01/2022,120,2838
01/2022,150,1668
01/2022,154,4390
01/2022,160,1847
01/2022,CityLink Blue,135566
01/2022,CityLink Brown,102699
01/2022,CityLink Gold,124665
01/2022,CityLink Green,104063
01/2022,CityLink Lime,81240
01/2022,CityLink Navy,120674
01/2022,CityLink Orange,149090
01/2022,CityLink Pink,112147
01/2022,CityLink Purple,88370
01/2022,CityLink Red,159001
01/2022,CityLink Silver,84472
01/2022,CityLink Yellow,102535
01/2022,163,36200
01/2022,32,
02/2022,21,23435
02/2022,22,134701
02/2022,26,75169
02/2022,28,54032
02/2022,29,58639
02/2022,30,79241
02/2022,31,40306
02/2022,33,12125
02/2022,34,12057
02/2022,36,35954
02/2022,37,31852
02/2022,38,1688
02/2022,51,19732
02/2022,52,3766
02/2022,53,62667
02/2022,54,96047
02/2022,56,75060
02/2022,57,5205
02/2022,59,18469
02/2022,62,31352
02/2022,63,20456
02/2022,65,22611
02/2022,67,12478
02/2022,69,19695
02/2022,70,25715
02/2022,71,20858
02/2022,73,18203
02/2022,75,18602
02/2022,76,39858
02/2022,77,24782
02/2022,78,60780
02/2022,79,21852
02/2022,80,106702
02/2022,81,21128
02/2022,82,19489
02/2022,83,46006
02/2022,85,69192
02/2022,87,20798
02/2022,89,24525
02/2022,91,11924
02/2022,92,4017
02/2022,93,18061
02/2022,94,29696
02/2022,95,6279
02/2022,103,4203
02/2022,104,186
02/2022,105,2404
02/2022,115,2426
02/2022,120,2593
02/2022,150,1258
02/2022,154,4948
02/2022,160,2146
02/2022,CityLink Blue,137116
02/2022,CityLink Brown,107410
02/2022,CityLink Gold,129526
02/2022,CityLink Green,104928
02/2022,CityLink Lime,84532
02/2022,CityLink Navy,122665
02/2022,CityLink Orange,146774
02/2022,CityLink Pink,111580
02/2022,CityLink Purple,91778
02/2022,CityLink Red,161726
02/2022,CityLink Silver,87727
02/2022,CityLink Yellow,100221
02/2022,163,12601
02/2022,32,
03/2022,21,27984
03/2022,22,158444
03/2022,26,92136
03/2022,28,65184
03/2022,29,70712
03/2022,30,92640
03/2022,31,46914
03/2022,33,15888
03/2022,34,13880
03/2022,36,42139
03/2022,37,36596
03/2022,38,2004
03/2022,51,21708
03/2022,52,4255
03/2022,53,75490
03/2022,54,117646
03/2022,56,83301
03/2022,57,6496
03/2022,59,22765
03/2022,62,36178
03/2022,63,24192
03/2022,65,24326
03/2022,67,12859
03/2022,69,23743
03/2022,70,28842
03/2022,71,25313
03/2022,73,19855
03/2022,75,20495
03/2022,76,44022
03/2022,77,26982
03/2022,78,72361
03/2022,79,25801
03/2022,80,123787
03/2022,81,25324
03/2022,82,23364
03/2022,83,52915
03/2022,85,84692
03/2022,87,23812
03/2022,89,28683
03/2022,91,12439
03/2022,92,4899
03/2022,93,20379
03/2022,94,33891
03/2022,95,8196
03/2022,103,5380
03/2022,104,205
03/2022,105,3135
03/2022,115,3133
03/2022,120,3148
03/2022,150,1840
03/2022,154,5750
03/2022,160,2419
03/2022,CityLink Blue,163417
03/2022,CityLink Brown,125102
03/2022,CityLink Gold,156387
03/2022,CityLink Green,125554
03/2022,CityLink Lime,99625
03/2022,CityLink Navy,141695
03/2022,CityLink Orange,167942
03/2022,CityLink Pink,134434
03/2022,CityLink Purple,103525
03/2022,CityLink Red,189589
03/2022,CityLink Silver,100096
03/2022,CityLink Yellow,119639
03/2022,163,38064
03/2022,32,
04/2022,21,27213
04/2022,22,142872
04/2022,26,81705
04/2022,28,57774
04/2022,29,65308
04/2022,30,88762
04/2022,31,45889
04/2022,33,12641
04/2022,34,13961
04/2022,36,40193
04/2022,37,35805
04/2022,38,2142
04/2022,51,23174
04/2022,52,4646
04/2022,53,71565
04/2022,54,112236
04/2022,56,83355
04/2022,57,5676
04/2022,59,23052
04/2022,62,36475
04/2022,63,24680
04/2022,65,23549
04/2022,67,12230
04/2022,69,23121
04/2022,70,28571
04/2022,71,25094
04/2022,73,22385
04/2022,75,21714
04/2022,76,44088
04/2022,77,27045
04/2022,78,68046
04/2022,79,25538
04/2022,80,121852
04/2022,81,24289
04/2022,82,21797
04/2022,83,54051
04/2022,85,81042
04/2022,87,25138
04/2022,89,29568
04/2022,91,11362
04/2022,92,3608
04/2022,93,20658
04/2022,94,30102
04/2022,95,7388
04/2022,103,5044
04/2022,104,200
04/2022,105,2820
04/2022,115,3220
04/2022,120,2970
04/2022,150,1690
04/2022,154,5432
04/2022,160,2819
04/2022,CityLink Blue,157367
04/2022,CityLink Brown,123307
04/2022,CityLink Gold,150168
04/2022,CityLink Green,122372
04/2022,CityLink Lime,95195
04/2022,CityLink Navy,140805
04/2022,CityLink Orange,168037
04/2022,CityLink Pink,130001
04/2022,CityLink Purple,99947
04/2022,CityLink Red,195087
04/2022,CityLink Silver,96818
04/2022,CityLink Yellow,117920
04/2022,163,40909
04/2022,32,
05/2022,21,28633
05/2022,22,155154
05/2022,26,91241
05/2022,28,60746
05/2022,29,71469
05/2022,30,95174
05/2022,31,50603
05/2022,33,15990
05/2022,34,15130
05/2022,36,43461
05/2022,37,38768
05/2022,38,1899
05/2022,51,23122
05/2022,52,4684
05/2022,53,74176
05/2022,54,117994
05/2022,56,89842
05/2022,57,6563
05/2022,59,23921
05/2022,62,38862
05/2022,63,28910
05/2022,65,26141
05/2022,67,13431
05/2022,69,23644
05/2022,70,29829
05/2022,71,27646
05/2022,73,22752
05/2022,75,22664
05/2022,76,46946
05/2022,77,28225
05/2022,78,78165
05/2022,79,26245
05/2022,80,135163
05/2022,81,27273
05/2022,82,24309
05/2022,83,55463
05/2022,85,93500
05/2022,87,27039
05/2022,89,30695
05/2022,91,12348
05/2022,92,4959
05/2022,93,21035
05/2022,94,32416
05/2022,95,7657
05/2022,103,5508
05/2022,104,302
05/2022,105,3144
05/2022,115,3388
05/2022,120,3583
05/2022,150,1906
05/2022,154,5809
05/2022,160,3307
05/2022,CityLink Blue,175262
05/2022,CityLink Brown,127502
05/2022,CityLink Gold,160758
05/2022,CityLink Green,126573
05/2022,CityLink Lime,104640
05/2022,CityLink Navy,153897
05/2022,CityLink Orange,181284
05/2022,CityLink Pink,139298
05/2022,CityLink Purple,114476
05/2022,CityLink Red,198933
05/2022,CityLink Silver,105375
05/2022,CityLink Yellow,128446
05/2022,163,47396
05/2022,32,
06/2022,21,27351
06/2022,22,129665
06/2022,26,77160
06/2022,28,50393
06/2022,29,66245
06/2022,30,90325
06/2022,31,46029
06/2022,33,11362
06/2022,34,13786
06/2022,36,42744
06/2022,37,38110
06/2022,38,416
06/2022,51,22298
06/2022,52,4673
06/2022,53,68952
06/2022,54,110719
06/2022,56,87212
06/2022,57,5425
06/2022,59,21969
06/2022,62,38976
06/2022,63,29560
06/2022,65,23769
06/2022,67,12819
06/2022,69,24162
06/2022,70,31835
06/2022,71,25021
06/2022,73,21481
06/2022,75,25361
06/2022,76,44426
06/2022,77,27157
06/2022,78,70578
06/2022,79,25103
06/2022,80,122554
06/2022,81,26872
06/2022,82,21042
06/2022,83,55595
06/2022,85,84821
06/2022,87,26908
06/2022,89,31679
06/2022,91,12607
06/2022,92,2892
06/2022,93,21740
06/2022,94,27061
06/2022,95,6726
06/2022,103,5398
06/2022,104,282
06/2022,105,2539
06/2022,115,3622
06/2022,120,3806
06/2022,150,2251
06/2022,154,5975
06/2022,160,2570
06/2022,CityLink Blue,160172
06/2022,CityLink Brown,123546
06/2022,CityLink Gold,150063
06/2022,CityLink Green,118244
06/2022,CityLink Lime,97738
06/2022,CityLink Navy,142820
06/2022,CityLink Orange,168502
06/2022,CityLink Pink,126381
06/2022,CityLink Purple,105846
06/2022,CityLink Red,197324
06/2022,CityLink Silver,98192
06/2022,CityLink Yellow,125763
06/2022,163,50699
06/2022,32,
07/2022,21,27005
07/2022,22,121625
07/2022,26,74764
07/2022,28,44326
07/2022,29,63094
07/2022,30,78265
07/2022,31,42089
07/2022,33,9404
07/2022,34,13947
07/2022,36,41212
07/2022,37,36709
07/2022,38,
07/2022,51,24277
07/2022,52,4042
07/2022,53,59644
07/2022,54,103514
07/2022,56,82976
07/2022,57,4475
07/2022,59,19828
07/2022,62,39121
07/2022,63,30897
07/2022,65,23931
07/2022,67,11605
07/2022,69,24931
07/2022,70,31682
07/2022,71,22939
07/2022,73,22160
07/2022,75,26676
07/2022,76,44031
07/2022,77,25741
07/2022,78,67143
07/2022,79,24562
07/2022,80,112660
07/2022,81,26906
07/2022,82,21032
07/2022,83,55846
07/2022,85,80523
07/2022,87,26156
07/2022,89,31299
07/2022,91,13019
07/2022,92,1512
07/2022,93,22468
07/2022,94,24703
07/2022,95,5613
07/2022,103,5182
07/2022,104,259
07/2022,105,1915
07/2022,115,3249
07/2022,120,3072
07/2022,150,1602
07/2022,154,5210
07/2022,160,2111
07/2022,CityLink Blue,151177
07/2022,CityLink Brown,108891
07/2022,CityLink Gold,131637
07/2022,CityLink Green,100966
07/2022,CityLink Lime,98090
07/2022,CityLink Navy,136016
07/2022,CityLink Orange,156173
07/2022,CityLink Pink,120806
07/2022,CityLink Purple,98046
07/2022,CityLink Red,180769
07/2022,CityLink Silver,93283
07/2022,CityLink Yellow,123659
07/2022,163,54016
07/2022,32,
08/2022,21,28894
08/2022,22,132442
08/2022,26,79217
08/2022,28,47328
08/2022,29,68520
08/2022,30,83427
08/2022,31,44109
08/2022,33,10024
08/2022,34,15232
08/2022,36,44494
08/2022,37,39346
08/2022,38,
08/2022,51,24707
08/2022,52,4666
08/2022,53,61869
08/2022,54,110518
08/2022,56,90759
08/2022,57,4782
08/2022,59,20730
08/2022,62,43199
08/2022,63,32475
08/2022,65,25280
08/2022,67,12545
08/2022,69,25898
08/2022,70,33268
08/2022,71,24987
08/2022,73,23300
08/2022,75,26545
08/2022,76,47563
08/2022,77,25597
08/2022,78,72541
08/2022,79,25446
08/2022,80,117091
08/2022,81,26871
08/2022,82,21635
08/2022,83,58361
08/2022,85,83353
08/2022,87,28690
08/2022,89,32014
08/2022,91,12966
08/2022,92,1380
08/2022,93,23792
08/2022,94,24422
08/2022,95,6852
08/2022,103,5778
08/2022,104,189
08/2022,105,2596
08/2022,115,3305
08/2022,120,3154
08/2022,150,2040
08/2022,154,5252
08/2022,160,1940
08/2022,CityLink Blue,157529
08/2022,CityLink Brown,114825
08/2022,CityLink Gold,139697
08/2022,CityLink Green,107822
08/2022,CityLink Lime,103902
08/2022,CityLink Navy,145226
08/2022,CityLink Orange,166784
08/2022,CityLink Pink,131333
08/2022,CityLink Purple,102007
08/2022,CityLink Red,200276
08/2022,CityLink Silver,98524
08/2022,CityLink Yellow,131765
08/2022,163,57603
08/2022,32,
09/2022,21,35070
09/2022,22,183940
09/2022,26,108896
09/2022,28,78599
09/2022,29,85033
09/2022,30,107261
09/2022,31,49134
09/2022,33,17313
09/2022,34,16185
09/2022,36,49237
09/2022,37,46256
09/2022,38,3465
09/2022,51,27453
09/2022,52,4993
09/2022,53,81943
09/2022,54,130495
09/2022,56,99070
09/2022,57,6313
09/2022,59,28786
09/2022,62,45269
09/2022,63,31942
09/2022,65,27073
09/2022,67,14697
09/2022,69,26048
09/2022,70,33429
09/2022,71,31300
09/2022,73,22121
09/2022,75,25533
09/2022,76,53011
09/2022,77,31778
09/2022,78,83156
09/2022,79,29004
09/2022,80,132700
09/2022,81,27744
09/2022,82,27478
09/2022,83,62242
09/2022,85,99107
09/2022,87,31687
09/2022,89,35936
09/2022,91,12547
09/2022,92,5052
09/2022,93,24654
09/2022,94,38578
09/2022,95,9008
09/2022,103,4618
09/2022,104,
09/2022,105,3834
09/2022,115,4939
09/2022,120,3268
09/2022,150,2211
09/2022,154,7140
09/2022,160,2475
09/2022,CityLink Blue,180424
09/2022,CityLink Brown,133636
09/2022,CityLink Gold,158787
09/2022,CityLink Green,130295
09/2022,CityLink Lime,121697
09/2022,CityLink Navy,170366
09/2022,CityLink Orange,206943
09/2022,CityLink Pink,164732
09/2022,CityLink Purple,108040
09/2022,CityLink Red,240655
09/2022,CityLink Silver,121399
09/2022,CityLink Yellow,132349
09/2022,163,63300
09/2022,32,8592
10/2022,21,36077
10/2022,22,192558
10/2022,26,111804
10/2022,28,76746
10/2022,29,89166
10/2022,30,110122
10/2022,31,51126
10/2022,33,17871
10/2022,34,17025
10/2022,36,54076
10/2022,37,47431
10/2022,38,2398
10/2022,51,28377
10/2022,52,5348
10/2022,53,82626
10/2022,54,137118
10/2022,56,105217
10/2022,57,6921
10/2022,59,28875
10/2022,62,48024
10/2022,63,34852
10/2022,65,30396
10/2022,67,16269
10/2022,69,27782
10/2022,70,34744
10/2022,71,30355
10/2022,73,23783
10/2022,75,27471
10/2022,76,53174
10/2022,77,31185
10/2022,78,86164
10/2022,79,31295
10/2022,80,139019
10/2022,81,28367
10/2022,82,26510
10/2022,83,61840
10/2022,85,102015
10/2022,87,32273
10/2022,89,35098
10/2022,91,12197
10/2022,92,5377
10/2022,93,26413
10/2022,94,39759
10/2022,95,8198
10/2022,103,4255
10/2022,104,
10/2022,105,4151
10/2022,115,4301
10/2022,120,3500
10/2022,150,2332
10/2022,154,7392
10/2022,160,2292
10/2022,CityLink Blue,186137
10/2022,CityLink Brown,135866
10/2022,CityLink Gold,169143
10/2022,CityLink Green,136117
10/2022,CityLink Lime,126390
10/2022,CityLink Navy,177093
10/2022,CityLink Orange,216458
10/2022,CityLink Pink,166319
10/2022,CityLink Purple,113139
10/2022,CityLink Red,242619
10/2022,CityLink Silver,128171
10/2022,CityLink Yellow,138129
10/2022,163,71239
10/2022,32,7681
11/2022,21,32072
11/2022,22,171872
11/2022,26,103983
11/2022,28,65685
11/2022,29,77042
11/2022,30,98703
11/2022,31,44125
11/2022,33,16161
11/2022,34,14729
11/2022,36,48994
11/2022,37,41722
11/2022,38,2268
11/2022,51,25493
11/2022,52,4876
11/2022,53,71944
11/2022,54,120353
11/2022,56,93305
11/2022,57,6069
11/2022,59,27521
11/2022,62,44365
11/2022,63,33870
11/2022,65,28339
11/2022,67,14855
11/2022,69,25007
11/2022,70,29939
11/2022,71,27380
11/2022,73,21457
11/2022,75,26195
11/2022,76,49110
11/2022,77,24110
11/2022,78,80186
11/2022,79,27783
11/2022,80,126621
11/2022,81,27039
11/2022,82,23867
11/2022,83,55969
11/2022,85,90248
11/2022,87,27534
11/2022,89,31480
11/2022,91,11677
11/2022,92,5084
11/2022,93,26148
11/2022,94,34882
11/2022,95,7710
11/2022,103,3920
11/2022,104,
11/2022,105,3919
11/2022,115,4049
11/2022,120,3514
11/2022,150,2432
11/2022,154,7460
11/2022,160,2463
11/2022,CityLink Blue,170626
11/2022,CityLink Brown,120921
11/2022,CityLink Gold,153550
11/2022,CityLink Green,120462
11/2022,CityLink Lime,117014
11/2022,CityLink Navy,166930
11/2022,CityLink Orange,198623
11/2022,CityLink Pink,151042
11/2022,CityLink Purple,100445
11/2022,CityLink Red,219066
11/2022,CityLink Silver,113941
11/2022,CityLink Yellow,128348
11/2022,163,73595
11/2022,32,7242
12/2022,21,31941
12/2022,22,165948
12/2022,26,103737
12/2022,28,59833
12/2022,29,75052
12/2022,30,95625
12/2022,31,44633
12/2022,33,15169
12/2022,34,14778
12/2022,36,43875
12/2022,37,38727
12/2022,38,3322
12/2022,51,25315
12/2022,52,4334
12/2022,53,68441
12/2022,54,116437
12/2022,56,90609
12/2022,57,6321
12/2022,59,25851
12/2022,62,40947
12/2022,63,31194
12/2022,65,27122
12/2022,67,14990
12/2022,69,23969
12/2022,70,28902
12/2022,71,30100
12/2022,73,21166
12/2022,75,25160
12/2022,76,47231
12/2022,77,29367
12/2022,78,79349
12/2022,79,26453
12/2022,80,128762
12/2022,81,25166
12/2022,82,24137
12/2022,83,58627
12/2022,85,93656
12/2022,87,27236
12/2022,89,29792
12/2022,91,11352
12/2022,92,4902
12/2022,93,24527
12/2022,94,35569
12/2022,95,7413
12/2022,103,3916
12/2022,104,
12/2022,105,3170
12/2022,115,3970
12/2022,120,3115
12/2022,150,2062
12/2022,154,6602
12/2022,160,2226
12/2022,CityLink Blue,167063
12/2022,CityLink Brown,120758
12/2022,CityLink Gold,151476
12/2022,CityLink Green,113540
12/2022,CityLink Lime,110356
12/2022,CityLink Navy,164568
12/2022,CityLink Orange,189018
12/2022,CityLink Pink,142568
12/2022,CityLink Purple,101627
12/2022,CityLink Red,208907
12/2022,CityLink Silver,117807
12/2022,CityLink Yellow,130798
12/2022,163,65603
12/2022,32,8044
